1,2,,3,6,
SPENCER,Moselle,Crepe,20-Gauge Steel,71005926,"$2,055"
COLEMAN,Rosetan,Crepe,20-Gauge Steel,71005890,"$2,175"
CAMRY,Silver,Crepe,18-Gauge Steel,71006144,"$3,160"
STERLING,Rosetan,Crepe,18-Gauge Steel,71006103,"$3,525"
HANCOCK,Silver,Crepe,18-Gauge Steel,71006017,"$4,325"
FOREST II,Arbutus,Velvet,18-Gauge Steel,71006176,"$4,530"
TEA ROSE,Pink,Crepe,18-Gauge Steel,71005974,"$4,565"
HAMILTON,Pink,Crepe,18-Gauge Steel,71006018,"$4,605"
GEM,Silver,Crepe,18-Gauge Steel,71006163,"$4,840"
PIETA,Rosetan,Crepe,18-Gauge Steel,71005972,"$4,945"
MARQUETTE,Arbutus,Velvet,18-Gauge Steel,71007773,"$5,270"
MANSFIELD,Blue,Velvet,Stainless Steel,71006048,"$5,950"
AUTUMN HARVEST,Arbutus,Velvet,Stainless Steel,71007091,"$6,515"
LAKESHORE,Blue,Velvet,Stainless Steel,71007095,"$6,515"
LINCOLN,Almond,Velvet,32-Oz. Copper,71005949,"$9,195"
REGENCY GOLD,Arbutus,Velvet,48-Oz. Bronze,71006151,"$20,215"
SANDHURST II,Rosetan,Crepe,Poplar Veneer,71006671,"$2,855"
ABNER,Rosetan,Crepe,Poplar Veneer,71006942,"$3,535"
COUNTRY PINE,Champagne,Weave,Pine,71006830,"$4,775"
BAINBRIDGE,Ivory,Velvet,Pecan Veneer,71007522,"$5,085"
PIETA,Rosetan,Crepe,Poplar,71006846,"$5,470"
RIDLEY,Ivory,Velvet,Cherry Veneer,71011219,"$6,025"
WINSTON,Arbutus,Velvet,Cherry,71006856,"$7,070"
WARFIELD,Arbutus,Velvet,Cherry,71006839,"$7,275"
WINFIELD,Almond,Velvet,Cherry,71006919,"$9,465"
PARLIAMENT,Sand,Velvet,Mahogany,71006583,"$13,710"
LINCOLN,Pink,Velvet,32-Oz. Copper,71005950,"$9,195"
MANSFIELD,White,Velvet,Stainless Steel,71006143,"$5,950"
MANSFIELD,White,Velvet,Stainless Steel,71007320,"$5,950"
MANSFIELD,Silver,Velvet,Stainless Steel,71006049,"$5,950"
MANSFIELD,Pink,Velvet,Stainless Steel,71006050,"$5,950"
MANSFIELD,Pink,Velvet,Stainless Steel,71006068,"$5,950"
NEOPOLITAN,Blue,Crepe,18-Gauge Steel,71006039,"$4,605"
HANCOCK,Rosetan,Crepe,18-Gauge Steel,71006014,"$4,325"
HANCOCK,Blue,Crepe,18-Gauge Steel,71006209,"$4,325"
STERLING,Blue,Crepe,18-Gauge Steel,71006102,"$3,525"
WARFIELD,Almond,Velvet,Cherry,71007163,"$7,275"
HANCOCK,Blue,Crepe,18-Gauge Steel,71006209,"$4,325"
