Funeral Home,Manufacturer,Source,Construction,Model,Interior Color,Interior Fabric,Materials,Catalog Item #,Price,Date
Bradshaw Funeral Home,Batesville,www.bradshawfuneral.com,Metal,Auburn Sunset,Auburn Sunset,Velvet,18 Gauge Steel,NL1,"$4,415",10/15/2023
Bradshaw Funeral Home,Batesville,www.bradshawfuneral.com,Metal,Burnished Silver,Burnished Silver,Velvet,18 Gauge Steel,OT9,"$4,575",10/15/2023
Bradshaw Funeral Home,Batesville,www.bradshawfuneral.com,Metal,Cashmere,Cashmere,Velvet,18 Gauge Steel,O61,"$4,575",10/15/2023
Bradshaw Funeral Home,Batesville,www.bradshawfuneral.com,Metal,Golden Rose,Golden Rose,Velvet,18 Gauge Steel,P90,"$4,795",10/15/2023
Bradshaw Funeral Home,Batesville,www.bradshawfuneral.com,Metal,Granite,Granite,Crepe,18 Gauge Steel,NO1,"$3,995",10/15/2023
Ponders,Batesville,https://www.pondersfuneralhome.com/fh_live/15500/15565/media/2022-Batesville-Metal-Caskets.pdf,Metal,N01 Granite,Rosetan,Crepe,18 Gauge Steel,239721,"$2,995",2/1/2022
Ponders,Batesville,https://www.pondersfuneralhome.com/fh_live/15500/15565/media/2022-Batesville-Metal-Caskets.pdf,Metal,N01 Merlot,Rosetan,Crepe,18 Gauge Steel,239723,"$2,995",2/1/2022
Ponders,Batesville,https://www.pondersfuneralhome.com/fh_live/15500/15565/media/2022-Batesville-Metal-Caskets.pdf,Metal,N01 Midnght-Gold,Black w/ gold trim,Velvet,18 Gauge Steel,279142,"$3,995",2/1/2022
Ponders,Batesville,https://www.pondersfuneralhome.com/fh_live/15500/15565/media/2022-Batesville-Metal-Caskets.pdf,Metal,N01 Pearl,Moss Pink,Crepe,18 Gauge Steel,239701,"$2,995",2/1/2022
Ponders,Batesville,https://www.pondersfuneralhome.com/fh_live/15500/15565/media/2022-Batesville-Metal-Caskets.pdf,Metal,N01 Sydney-Silver,Blue w/ silver trim,Velvet,18 Gauge Steel,279143,"$3,995",2/1/2022
Bradshaw Funeral Home,Batesville,www.bradshawfuneral.com,Metal,NL1,Tuscany,Crepe,18 Gauge Steel,n/a,"$3,830",10/25/2021
Ponders,Batesville,https://www.pondersfuneralhome.com/fh_live/15500/15565/media/2022-Batesville-Metal-Caskets.pdf,Metal,NL1 Claret,Ivory,Woven,18 Gauge Steel,251960,"$3,495",2/1/2022
Ponders,Batesville,https://www.pondersfuneralhome.com/fh_live/15500/15565/media/2022-Batesville-Metal-Caskets.pdf,Metal,NL1 Indigo Blue,Ivory,Woven,18 Gauge Steel,251972,"$3,495",2/1/2022
Ponders,Batesville,https://www.pondersfuneralhome.com/fh_live/15500/15565/media/2022-Batesville-Metal-Caskets.pdf,Metal,NL1 Midnight,Ivory,Woven,18 Gauge Steel,253044,"$3,495",2/1/2022
Ponders,Batesville,https://www.pondersfuneralhome.com/fh_live/15500/15565/media/2022-Batesville-Metal-Caskets.pdf,Metal,NL1 Royal Plum,Ivory,Woven,18 Gauge Steel,251973,"$3,495",2/1/2022
Ponders,Batesville,https://www.pondersfuneralhome.com/fh_live/15500/15565/media/2022-Batesville-Metal-Caskets.pdf,Metal,NL1 Tuscany,Moss Pink,Velvet,18 Gauge Steel,258113,"$3,695",2/1/2022
Bradshaw Funeral Home,Batesville,www.bradshawfuneral.com,Metal,NO1,Granite,Crepe,18 Gauge Steel,n/a,"$3,755",10/25/2021
Bradshaw Funeral Home,Batesville,www.bradshawfuneral.com,Metal,O61,Burnished Silver,Crepe,18 Gauge Steel,n/a,"$4,170",10/25/2021
Bradshaw Funeral Home,Batesville,www.bradshawfuneral.com,Metal,O61,Cashmere,Velvet,18 Gauge Steel,n/a,"$4,170",10/25/2021
Ponders,Batesville,https://www.pondersfuneralhome.com/fh_live/15500/15565/media/2022-Batesville-Metal-Caskets.pdf,Metal,OC1 Carnation,Ivory,Woven,18 Gauge Steel,280219,"$3,495",2/1/2022
Ponders,Batesville,https://www.pondersfuneralhome.com/fh_live/15500/15565/media/2022-Batesville-Metal-Caskets.pdf,Metal,OC1 Finch,Ivory,Woven,18 Gauge Steel,280218,"$3,495",2/1/2022
Ponders,Batesville,https://www.pondersfuneralhome.com/fh_live/15500/15565/media/2022-Batesville-Metal-Caskets.pdf,Metal,OE1 Golden Granite,Champagne,Velvet,18 Gauge Steel,239696,"$4,995",2/1/2022
Ponders,Batesville,https://www.pondersfuneralhome.com/fh_live/15500/15565/media/2022-Batesville-Metal-Caskets.pdf,Metal,OE1 Golden Midnight,Champagne,Velvet,18 Gauge Steel,239699,"$4,995",2/1/2022
Bradshaw Funeral Home,Batesville,www.bradshawfuneral.com,Metal,Ot9,Violet Bouquet,Crepe,18 Gauge Steel,n/a,"$4,040",10/25/2021
Bradshaw Funeral Home,Batesville,www.bradshawfuneral.com,Metal,Ot9,Auburn Sunset,Velvet,18 Gauge Steel,n/a,"$4,040",10/25/2021
Bradshaw Funeral Home,Batesville,www.bradshawfuneral.com,Metal,Ot9,Platinum,Velvet,18 Gauge Steel,n/a,"$4,040",10/25/2021
Ponders,Batesville,https://www.pondersfuneralhome.com/fh_live/15500/15565/media/2022-Batesville-Metal-Caskets.pdf,Metal,OT9 Auburn Sunset,Champagne,Velvet,18 Gauge Steel,216580,"$3,495",2/1/2022
Ponders,Batesville,https://www.pondersfuneralhome.com/fh_live/15500/15565/media/2022-Batesville-Metal-Caskets.pdf,Metal,OT9 Huntington Green,Champagne,Velvet,18 Gauge Steel,280256,"$3,495",2/1/2022
Ponders,Batesville,https://www.pondersfuneralhome.com/fh_live/15500/15565/media/2022-Batesville-Metal-Caskets.pdf,Metal,OT9 Indigo Blue,Ivory,Velvet,18 Gauge Steel,255454,"$3,495",2/1/2022
Ponders,Batesville,https://www.pondersfuneralhome.com/fh_live/15500/15565/media/2022-Batesville-Metal-Caskets.pdf,Metal,OT9 Ivory,Ivory,Velvet,18 Gauge Steel,255453,"$3,495",2/1/2022
Ponders,Batesville,https://www.pondersfuneralhome.com/fh_live/15500/15565/media/2022-Batesville-Metal-Caskets.pdf,Metal,OT9 Onyx,Silver,Velvet,18 Gauge Steel,255455,"$3,495",2/1/2022
Ponders,Batesville,https://www.pondersfuneralhome.com/fh_live/15500/15565/media/2022-Batesville-Metal-Caskets.pdf,Metal,OT9 Platinum,Ivory,Velvet,18 Gauge Steel,211993,"$3,495",2/1/2022
Ponders,Batesville,https://www.pondersfuneralhome.com/fh_live/15500/15565/media/2022-Batesville-Metal-Caskets.pdf,Metal,OT9 Violet Bouquet,Pink,Velvet,18 Gauge Steel,241566,"$3,495",2/1/2022
Bradshaw Funeral Home,Batesville,www.bradshawfuneral.com,Metal,P90,Golden Rose,Velvet,18 Gauge Steel,n/a,"$4,400",10/25/2021
Bradshaw Funeral Home,Batesville,www.bradshawfuneral.com,Metal,P90,Star Quartz,Velvet,18 Gauge Steel,n/a,"$4,400",10/25/2021
Bradshaw Funeral Home,Batesville,www.bradshawfuneral.com,Metal,P90,Greyson,Velvet,18 Gauge Steel,n/a,"$4,400",10/25/2021
Ponders,Batesville,https://www.pondersfuneralhome.com/fh_live/15500/15565/media/2022-Batesville-Metal-Caskets.pdf,Metal,P90 Golden Rose,Moss Pink,Velvet,18 Gauge Steel,258112,"$3,995",2/1/2022
Ponders,Batesville,https://www.pondersfuneralhome.com/fh_live/15500/15565/media/2022-Batesville-Metal-Caskets.pdf,Metal,P90 Greyson,Champagne,Velvet,18 Gauge Steel,255159,"$3,995",2/1/2022
Ponders,Batesville,https://www.pondersfuneralhome.com/fh_live/15500/15565/media/2022-Batesville-Metal-Caskets.pdf,Metal,P90 Star Quartz,Champagne,Velvet,18 Gauge Steel,246186,"$3,995",2/1/2022
Bradshaw Funeral Home,Batesville,www.bradshawfuneral.com,Metal,Pearl,Pearl,Crepe,18 Gauge Steel,M39,"$3,995",10/15/2023
Bradshaw Funeral Home,Batesville,www.bradshawfuneral.com,Metal,Royal Plum,Royal Plum,Woven,18 Gauge Steel,NO1,"$3,995",10/15/2023
Bradshaw Funeral Home,Batesville,www.bradshawfuneral.com,Metal,Star Quartz,Star Quartz,Velvet,18 Gauge Steel,P90,"$4,795",10/15/2023
Bradshaw Funeral Home,Batesville,www.bradshawfuneral.com,Metal,Tuscany,Tuscany,Velvet,18 Gauge Steel,NL1,"$3,995",10/15/2023
Bradshaw Funeral Home,Batesville,www.bradshawfuneral.com,Metal,Violet Bouquet,Violet Bouquet,Velvet,18 Gauge Steel,OT9,"$4,415",10/15/2023
Ponders,Batesville,https://www.pondersfuneralhome.com/fh_live/15500/15565/media/2022-Batesville-Metal-Caskets.pdf,Metal,Virgo Blue,Light Blue,Crepe,18 Gauge Steel,279127,"$2,995",2/1/2022
Ponders,Batesville,https://www.pondersfuneralhome.com/fh_live/15500/15565/media/2022-Batesville-Metal-Caskets.pdf,Metal,Virgo Copper,Rosetan,Crepe,18 Gauge Steel,279134,"$2,995",2/1/2022
Ponders,Batesville,https://www.pondersfuneralhome.com/fh_live/15500/15565/media/2022-Batesville-Metal-Caskets.pdf,Metal,Virgo Silver,Ivory,Crepe,18 Gauge Steel,279131,"$2,995",2/1/2022
Ponders,Batesville,https://www.pondersfuneralhome.com/fh_live/15500/15565/media/2022-Batesville-Metal-Caskets.pdf,Metal,Virgo White/Cop,Moss Pink,Crepe,18 Gauge Steel,179134,"$2,995",2/1/2022
Ponders,Batesville,https://www.pondersfuneralhome.com/fh_live/15500/15565/media/2022-Batesville-Metal-Caskets.pdf,Metal,Virgo White/Gold,Ivory,Crepe,18 Gauge Steel,279133,"$2,995",2/1/2022
Nashville Funeral and Cremation,Nashville,www.nashvillefuneralandcremation.com,Wood,Virgo,n/a,Crepe,18 Gauge Steel,n/a,"$2,716",10/19/2022
McComas,Matthews,"McComas Family Funeral Homes | Abingdon, MD",Metal,CAMRY,Silver,Crepe,18 Gauge Steel,71006144,"$3,160",1/7/2024
McComas,Matthews,"McComas Family Funeral Homes | Abingdon, MD",Metal,FOREST II,Arbutus,Velvet,18 Gauge Steel,71006176,"$4,530",1/7/2024
McComas,Matthews,"McComas Family Funeral Homes | Abingdon, MD",Metal,GEM,Silver,Crepe,18 Gauge Steel,71006163,"$4,840",1/7/2024
McComas,Matthews,"McComas Family Funeral Homes | Abingdon, MD",Metal,HAMILTON,Pink,Crepe,18 Gauge Steel,71006018,"$4,605",1/7/2024
McComas,Matthews,"McComas Family Funeral Homes | Abingdon, MD",Metal,HANCOCK,Silver,Crepe,18 Gauge Steel,71006017,"$4,325",1/7/2024
McComas,Matthews,"McComas Family Funeral Homes | Abingdon, MD",Wood,HANCOCK,Rosetan,Crepe,18 Gauge Steel,71006014,"$4,325",1/7/2024
McComas,Matthews,"McComas Family Funeral Homes | Abingdon, MD",Wood,HANCOCK,Blue,Crepe,18 Gauge Steel,71006209,"$4,325",1/7/2024
McComas,Matthews,"McComas Family Funeral Homes | Abingdon, MD",Wood,HANCOCK,Blue,Crepe,18 Gauge Steel,71006209,"$4,325",1/7/2024
McComas,Matthews,"McComas Family Funeral Homes | Abingdon, MD",Metal,MARQUETTE,Arbutus,Velvet,18 Gauge Steel,71007773,"$5,270",1/7/2024
McComas,Matthews,"McComas Family Funeral Homes | Abingdon, MD",Wood,NEOPOLITAN,Blue,Crepe,18 Gauge Steel,71006039,"$4,605",1/7/2024
McComas,Matthews,"McComas Family Funeral Homes | Abingdon, MD",Metal,PIETA,Rosetan,Crepe,18 Gauge Steel,71005972,"$4,945",1/7/2024
McComas,Matthews,"McComas Family Funeral Homes | Abingdon, MD",Metal,STERLING,Rosetan,Crepe,18 Gauge Steel,71006103,"$3,525",1/7/2024
McComas,Matthews,"McComas Family Funeral Homes | Abingdon, MD",Wood,STERLING,Blue,Crepe,18 Gauge Steel,71006102,"$3,525",1/7/2024
McComas,Matthews,"McComas Family Funeral Homes | Abingdon, MD",Metal,TEA ROSE,Pink,Crepe,18 Gauge Steel,71005974,"$4,565",1/7/2024
Ponders,Batesville,https://www.pondersfuneralhome.com/fh_live/15500/15565/media/2022-Batesville-Metal-Caskets.pdf,Metal,Apollo Blue,Light Blue,Crepe,20 Gauge NGS,221503,"$1,895",2/1/2022
Ponders,Batesville,https://www.pondersfuneralhome.com/fh_live/15500/15565/media/2022-Batesville-Metal-Caskets.pdf,Metal,Apollo Copper,Rosetan,Crepe,20 Gauge NGS,221504,"$1,895",2/1/2022
Ponders,Batesville,https://www.pondersfuneralhome.com/fh_live/15500/15565/media/2022-Batesville-Metal-Caskets.pdf,Metal,Apollo Flat Black,Rosetan,Crepe,20 Gauge NGS,244327,"$1,895",2/1/2022
Ponders,Batesville,https://www.pondersfuneralhome.com/fh_live/15500/15565/media/2022-Batesville-Metal-Caskets.pdf,Metal,Apollo Silver,Ivory,Crepe,20 Gauge NGS,221502,"$1,895",2/1/2022
Ponders,Batesville,https://www.pondersfuneralhome.com/fh_live/15500/15565/media/2022-Batesville-Metal-Caskets.pdf,Metal,Apollo White,Moss Pink,Crepe,20 Gauge NGS,221505,"$1,895",2/1/2022
Ponders,Batesville,https://www.pondersfuneralhome.com/fh_live/15500/15565/media/2022-Batesville-Metal-Caskets.pdf,Metal,Gemini Blue,Light Blue,Crepe,20 Gauge NGS,217389,"$2,195",2/1/2022
Ponders,Batesville,https://www.pondersfuneralhome.com/fh_live/15500/15565/media/2022-Batesville-Metal-Caskets.pdf,Metal,Gemini Copper,Rosetan,Crepe,20 Gauge NGS,217387,"$2,195",2/1/2022
Ponders,Batesville,https://www.pondersfuneralhome.com/fh_live/15500/15565/media/2022-Batesville-Metal-Caskets.pdf,Metal,Gemini Silver,Ivory,Crepe,20 Gauge NGS,217298,"$2,195",2/1/2022
Ponders,Batesville,https://www.pondersfuneralhome.com/fh_live/15500/15565/media/2022-Batesville-Metal-Caskets.pdf,Metal,Gemini White/Pink,Moss Pink,Crepe,20 Gauge NGS,217379,"$2,195",2/1/2022
Ponders,Batesville,https://www.pondersfuneralhome.com/fh_live/15500/15565/media/2022-Batesville-Metal-Caskets.pdf,Metal,Gemini White/Pink,Ivory,Crepe,20 Gauge NGS,217383,"$2,195",2/1/2022
Ponders,Batesville,https://www.pondersfuneralhome.com/fh_live/15500/15565/media/2022-Batesville-Metal-Caskets.pdf,Metal,Hercules Black,Ivory,Crepe,20 Gauge NGS,265527,"$3,295",2/1/2022
Ponders,Batesville,https://www.pondersfuneralhome.com/fh_live/15500/15565/media/2022-Batesville-Metal-Caskets.pdf,Metal,Hercules Blue,Ivory,Crepe,20 Gauge NGS,274281,"$3,295",2/1/2022
Ponders,Batesville,https://www.pondersfuneralhome.com/fh_live/15500/15565/media/2022-Batesville-Metal-Caskets.pdf,Metal,Hercules Orchid,Moss Pink,Crepe,20 Gauge NGS,265529,"$3,295",2/1/2022
Ponders,Batesville,https://www.pondersfuneralhome.com/fh_live/15500/15565/media/2022-Batesville-Metal-Caskets.pdf,Metal,Hercules Silver,Ivory,Crepe,20 Gauge NGS,265528,"$3,295",2/1/2022
Ponders,Batesville,https://www.pondersfuneralhome.com/fh_live/15500/15565/media/2022-Batesville-Metal-Caskets.pdf,Metal,Hercules White,Ivory ,Crepe,20 Gauge NGS,274278,"$3,295",2/1/2022
Ponders,Batesville,https://www.pondersfuneralhome.com/fh_live/15500/15565/media/2022-Batesville-Metal-Caskets.pdf,Metal,Spectra Black,Silver,Crepe,20 Gauge NGS,256354,"$2,195",2/1/2022
Ponders,Batesville,https://www.pondersfuneralhome.com/fh_live/15500/15565/media/2022-Batesville-Metal-Caskets.pdf,Metal,Spectra Blue,Light Blue,Crepe,20 Gauge NGS,221506,"$2,195",2/1/2022
Ponders,Batesville,https://www.pondersfuneralhome.com/fh_live/15500/15565/media/2022-Batesville-Metal-Caskets.pdf,Metal,Spectra Orchid,Moss Pink,Crepe,20 Gauge NGS,258362,"$2,195",2/1/2022
Ponders,Batesville,https://www.pondersfuneralhome.com/fh_live/15500/15565/media/2022-Batesville-Metal-Caskets.pdf,Metal,Spectra Silver,Silver,Crepe,20 Gauge NGS,221507,"$2,195",2/1/2022
Ponders,Batesville,https://www.pondersfuneralhome.com/fh_live/15500/15565/media/2022-Batesville-Metal-Caskets.pdf,Metal,Spectra White,Ivo,Crepe,20 Gauge NGS,223045,"$2,195",2/1/2022
Nashville Funeral and Cremation,Nashville,www.nashvillefuneralandcremation.com,Wood,Apollo,n/a,Crepe,20 Gauge NGS,n/a,"$1,154",10/19/2022
Nashville Funeral and Cremation,Nashville,www.nashvillefuneralandcremation.com,Wood,Gemini,n/a,Crepe,20 Gauge NGS,n/a,"$1,494",10/19/2022
Nashville Funeral and Cremation,Nashville,www.nashvillefuneralandcremation.com,Wood,Spectra,n/a,Crepe,20 Gauge NGS,n/a,"$1,765",10/19/2022
Ponders,Batesville,https://www.pondersfuneralhome.com/fh_live/15500/15565/media/2022-Batesville-Metal-Caskets.pdf,Metal,Apollo White,Ivory,Crepe,20 Gauge Steel,245185,"$1,895",2/1/2022
Ponders,Batesville,https://www.pondersfuneralhome.com/fh_live/15500/15565/media/2022-Batesville-Metal-Caskets.pdf,Metal,Argo Black,Ivory,Crepe,20 Gauge Steel,278913,"$2,795",2/1/2022
Ponders,Batesville,https://www.pondersfuneralhome.com/fh_live/15500/15565/media/2022-Batesville-Metal-Caskets.pdf,Metal,Argo Orchid,Moss Pink,Crepe,20 Gauge Steel,278912,"$2,795",2/1/2022
Ponders,Batesville,https://www.pondersfuneralhome.com/fh_live/15500/15565/media/2022-Batesville-Metal-Caskets.pdf,Metal,Argo Sand,Rosetan,Crepe,20 Gauge Steel,278921,"$2,795",2/1/2022
Ponders,Batesville,https://www.pondersfuneralhome.com/fh_live/15500/15565/media/2022-Batesville-Metal-Caskets.pdf,Metal,Argo Silver,Ivory,Crepe,20 Gauge Steel,278920,"$2,795",2/1/2022
Ponders,Batesville,https://www.pondersfuneralhome.com/fh_live/15500/15565/media/2022-Batesville-Metal-Caskets.pdf,Metal,Hercules Black-32,Ivory,Crepe,20 Gauge Steel,265532,"$3,695",2/1/2022
Ponders,Batesville,https://www.pondersfuneralhome.com/fh_live/15500/15565/media/2022-Batesville-Metal-Caskets.pdf,Metal,Hercules Blue-32,Ivory ,Crepe,20 Gauge Steel,274283,"$3,695",2/1/2022
Ponders,Batesville,https://www.pondersfuneralhome.com/fh_live/15500/15565/media/2022-Batesville-Metal-Caskets.pdf,Metal,Hercules Orchid-32,Moss Pink,Crepe,20 Gauge Steel,265530,"$3,695",2/1/2022
Ponders,Batesville,https://www.pondersfuneralhome.com/fh_live/15500/15565/media/2022-Batesville-Metal-Caskets.pdf,Metal,Hercules Silver-32,Ivory,Crepe,20 Gauge Steel,265531,"$3,695",2/1/2022
Bradshaw Funeral Home,Batesville,www.bradshawfuneral.com,Metal,M39,Midnight,Crepe,20 Gauge Steel,n/a,"$3,480",10/25/2021
Bradshaw Funeral Home,Batesville,www.bradshawfuneral.com,Metal,M39,Revere Silver,Crepe,20 Gauge Steel,n/a,"$3,480",10/25/2021
Bradshaw Funeral Home,Batesville,www.bradshawfuneral.com,Metal,M39,Huntington Green,Velvet,20 Gauge Steel,n/a,"$3,480",10/25/2021
Ponders,Batesville,https://www.pondersfuneralhome.com/fh_live/15500/15565/media/2022-Batesville-Metal-Caskets.pdf,Metal,M39 Auburn,Champagne,Velvet,20 Gauge Steel,271815,"$3,295",2/1/2022
Ponders,Batesville,https://www.pondersfuneralhome.com/fh_live/15500/15565/media/2022-Batesville-Metal-Caskets.pdf,Metal,M39 Carnation,Ivory,Velvet,20 Gauge Steel,273920,"$3,295",2/1/2022
Ponders,Batesville,https://www.pondersfuneralhome.com/fh_live/15500/15565/media/2022-Batesville-Metal-Caskets.pdf,Metal,M39 Huntington Green,Champagne,Velvet,20 Gauge Steel,278177,"$3,295",2/1/2022
Ponders,Batesville,https://www.pondersfuneralhome.com/fh_live/15500/15565/media/2022-Batesville-Metal-Caskets.pdf,Metal,M39 Midnight,Ivory,Velvet,20 Gauge Steel,271817,"$3,295",2/1/2022
Ponders,Batesville,https://www.pondersfuneralhome.com/fh_live/15500/15565/media/2022-Batesville-Metal-Caskets.pdf,Metal,M39 Neapolitan Blue,Ivory,Velvet,20 Gauge Steel,271819,"$3,295",2/1/2022
Ponders,Batesville,https://www.pondersfuneralhome.com/fh_live/15500/15565/media/2022-Batesville-Metal-Caskets.pdf,Metal,M39 Revere Silver,Ivory,Velvet,20 Gauge Steel,271821,"$3,295",2/1/2022
Bradshaw Funeral Home,Batesville,www.bradshawfuneral.com,Metal,Midnight,Midnight,Velvet,20 Gauge Steel,SO1,"$3,825",10/15/2023
Bradshaw Funeral Home,Batesville,www.bradshawfuneral.com,Metal,NO1,Pearl,Crepe,20 Gauge Steel,n/a,"$3,755",10/25/2021
Bradshaw Funeral Home,Batesville,www.bradshawfuneral.com,Metal,NS,Triton Grey,Crepe,20 Gauge Steel,n/a,"$2,095",10/25/2021
Bradshaw Funeral Home,Batesville,www.bradshawfuneral.com,Metal,Ocean Blue,Ocean Blue,Crepe,20 Gauge Steel,SO1,"$3,750",10/15/2023
Ponders,Batesville,https://www.pondersfuneralhome.com/fh_live/15500/15565/media/2022-Batesville-Metal-Caskets.pdf,Metal,Pisces Sand,Rosetan,Crepe,20 Gauge Steel,257958,"$2,495",2/1/2022
Ponders,Batesville,https://www.pondersfuneralhome.com/fh_live/15500/15565/media/2022-Batesville-Metal-Caskets.pdf,Metal,Pisces Silver,Silver,Crepe,20 Gauge Steel,257956,"$2,495",2/1/2022
Ponders,Batesville,https://www.pondersfuneralhome.com/fh_live/15500/15565/media/2022-Batesville-Metal-Caskets.pdf,Metal,Pisces White,Ivory,Crepe,20 Gauge Steel,257953,"$2,495",2/1/2022
Ponders,Batesville,https://www.pondersfuneralhome.com/fh_live/15500/15565/media/2022-Batesville-Metal-Caskets.pdf,Metal,Q01 Heirloom Pewter,Rosetan,Crepe,20 Gauge Steel,242475,"$2,795",2/1/2022
Ponders,Batesville,https://www.pondersfuneralhome.com/fh_live/15500/15565/media/2022-Batesville-Metal-Caskets.pdf,Metal,Q01 Ivory,Ivory,Crepe,20 Gauge Steel,252031,"$2,795",2/1/2022
Ponders,Batesville,https://www.pondersfuneralhome.com/fh_live/15500/15565/media/2022-Batesville-Metal-Caskets.pdf,Metal,Q01 Sand,Rosetan,Crepe,20 Gauge Steel,242478,"$2,795",2/1/2022
Ponders,Batesville,https://www.pondersfuneralhome.com/fh_live/15500/15565/media/2022-Batesville-Metal-Caskets.pdf,Metal,Q88 Churchill Blue,Light Blue,Crepe,20 Gauge Steel,148030,"$2,795",2/1/2022
Ponders,Batesville,https://www.pondersfuneralhome.com/fh_live/15500/15565/media/2022-Batesville-Metal-Caskets.pdf,Metal,Q88 Misty Rose,Moss Pink,Crepe,20 Gauge Steel,148035,"$2,795",2/1/2022
Ponders,Batesville,https://www.pondersfuneralhome.com/fh_live/15500/15565/media/2022-Batesville-Metal-Caskets.pdf,Metal,Q88 Revere Silver,Silver,Crepe,20 Gauge Steel,148029,"$2,795",2/1/2022
Ponders,Batesville,https://www.pondersfuneralhome.com/fh_live/15500/15565/media/2022-Batesville-Metal-Caskets.pdf,Metal,Q88 Roman,Rosetan,Crepe,20 Gauge Steel,148031,"$2,795",2/1/2022
Bradshaw Funeral Home,Batesville,www.bradshawfuneral.com,Metal,QD3,Galaxy,Crepe,20 Gauge Steel,n/a,"$3,215",10/25/2021
Bradshaw Funeral Home,Batesville,www.bradshawfuneral.com,Metal,QO1,Sand,Crepe,20 Gauge Steel,n/a,"$3,240",10/25/2021
Bradshaw Funeral Home,Batesville,www.bradshawfuneral.com,Metal,QO2,Earth/Graytone,Crepe,20 Gauge Steel,n/a,"$2,695",10/25/2021
Bradshaw Funeral Home,Batesville,www.bradshawfuneral.com,Metal,Revere Silver,Revere Silver,Velvet,20 Gauge Steel,M39,"$3,825",10/15/2023
Ponders,Batesville,https://www.pondersfuneralhome.com/fh_live/15500/15565/media/2022-Batesville-Metal-Caskets.pdf,Metal,S01 Carnation Blush,Ivory,Woven,20 Gauge Steel,278485,"$2,795",2/1/2022
Ponders,Batesville,https://www.pondersfuneralhome.com/fh_live/15500/15565/media/2022-Batesville-Metal-Caskets.pdf,Metal,S01 Ocean Blue,Ivory,Crepe,20 Gauge Steel,252121,"$2,795",2/1/2022
Ponders,Batesville,https://www.pondersfuneralhome.com/fh_live/15500/15565/media/2022-Batesville-Metal-Caskets.pdf,Metal,S01 Sand,Rosetan,Crepe,20 Gauge Steel,242739,"$2,795",2/1/2022
Bradshaw Funeral Home,Batesville,www.bradshawfuneral.com,Metal,Sand,Sand,Crepe,20 Gauge Steel,QO1,"$3,525",10/15/2023
Bradshaw Funeral Home,Batesville,www.bradshawfuneral.com,Metal,SO1,Ocean Blue,Crepe,20 Gauge Steel,n/a,"$3,420",10/25/2021
Bradshaw Funeral Home,Batesville,www.bradshawfuneral.com,Metal,SO1,Carnation Blush,Crepe,20 Gauge Steel,n/a,"$3,150",10/25/2021
Nashville Funeral and Cremation,Nashville,www.nashvillefuneralandcremation.com,Wood,Argo,n/a,Crepe,20 Gauge Steel,n/a,"$2,331",10/19/2022
Nashville Funeral and Cremation,Nashville,www.nashvillefuneralandcremation.com,Wood,Aries,n/a,Crepe,20 Gauge Steel,n/a,"$2,331",10/19/2022
Nashville Funeral and Cremation,Nashville,www.nashvillefuneralandcremation.com,Wood,Pisces,n/a,Crepe,20 Gauge Steel,n/a,"$2,059",10/19/2022
McComas,Matthews,"McComas Family Funeral Homes | Abingdon, MD",Metal,COLEMAN,Rosetan,Crepe,20 Gauge Steel,71005890,"$2,175",1/7/2024
McComas,Matthews,"McComas Family Funeral Homes | Abingdon, MD",Metal,SPENCER,Moselle,Crepe,20 Gauge Steel,71005926,"$2,055",1/7/2024
Bradshaw Funeral Home,Batesville,www.bradshawfuneral.com,Metal,Z64,Classic Gold,Velvet,Bronze,n/a,"$16,445",10/25/2021
McComas,Matthews,"McComas Family Funeral Homes | Abingdon, MD",Metal,REGENCY GOLD,Arbutus,Velvet,Bronze,71006151,"$20,215",1/7/2024
Ponders,Batesville,https://www.pondersfuneralhome.com/fh_live/15500/15565/media/2022-Batesville-Wood-Caskets.pdf,Wood,Langdon Cherry,Champagne,Velvet,Cherry,148236,"$6,495",2/1/2022
Bradshaw Funeral Home,Batesville,www.bradshawfuneral.com,Wood,Pearson Cherry,n/a,Velvet,Cherry,n/a,"$5,630",10/25/2021
Bradshaw Funeral Home,Batesville,www.bradshawfuneral.com,Wood,Pembroke,n/a,Velvet,Cherry,n/a,"$8,615",10/25/2021
McComas,Matthews,"McComas Family Funeral Homes | Abingdon, MD",Wood,WARFIELD,Arbutus,Velvet,Cherry,71006839,"$7,275",1/7/2024
McComas,Matthews,"McComas Family Funeral Homes | Abingdon, MD",Wood,WARFIELD,Almond,Velvet,Cherry,71007163,"$7,275",1/7/2024
McComas,Matthews,"McComas Family Funeral Homes | Abingdon, MD",Wood,WINFIELD,Almond,Velvet,Cherry,71006919,"$9,465",1/7/2024
McComas,Matthews,"McComas Family Funeral Homes | Abingdon, MD",Wood,WINSTON,Arbutus,Velvet,Cherry,71006856,"$7,070",1/7/2024
DC Torchinsky,Thacker Caskets,Caskets | Torchinsky Hebrew Funeral Home,Wood,Gloss,n/a,Velvet,Cherry,481,"$6,225",6/1/2022
Ponders,Batesville,https://www.pondersfuneralhome.com/fh_live/15500/15565/media/2022-Batesville-Wood-Caskets.pdf,Wood,Pearson Cherry,Champagne,Velvet,Cherry veneer,202512,"$4,995",2/1/2022
McComas,Matthews,"McComas Family Funeral Homes | Abingdon, MD",Wood,RIDLEY,Ivory,Velvet,Cherry Veneer,71011219,"$6,025",1/7/2024
Ponders,Batesville,https://www.pondersfuneralhome.com/fh_live/15500/15565/media/2022-Batesville-Wood-Caskets.pdf,Wood,Grey Doeskin,Ivory,Crepe,Cloth,147970,$995,2/1/2022
Bradshaw Funeral Home,Batesville,www.bradshawfuneral.com,Cloth,Grey Doeskin Oval,Grey,Crepe,Cloth,ES16,$895,10/15/2023
Ponders,Batesville,https://www.pondersfuneralhome.com/fh_live/15500/15565/media/2022-Batesville-Metal-Caskets.pdf,Metal,Y33 Jefferson Silver,Ivory,Velvet,Copper,147941,"$6,895",2/1/2022
Ponders,Batesville,https://www.pondersfuneralhome.com/fh_live/15500/15565/media/2022-Batesville-Metal-Caskets.pdf,Metal,Y33 Primrose,Moss Pink,Velvet,Copper,147944,"$6,895",2/1/2022
Bradshaw Funeral Home,Batesville,www.bradshawfuneral.com,Metal,Y39,Aegean,Velvet,Copper,n/a,"$8,330",10/25/2021
McComas,Matthews,"McComas Family Funeral Homes | Abingdon, MD",Metal,LINCOLN,Almond,Velvet,Copper,71005949,"$9,195",1/7/2024
McComas,Matthews,"McComas Family Funeral Homes | Abingdon, MD",Metal,LINCOLN,Pink,Velvet,Copper,71005950,"$9,195",1/7/2024
Bradshaw Funeral Home,Batesville,www.bradshawfuneral.com,Wood,Bayview Beech,n/a,Crepe,Hardboard,n/a,"$1,475",10/15/2023
Bradshaw Funeral Home,Batesville,www.bradshawfuneral.com,Wood,Pacific Pine,n/a,Crepe,Hardboard,n/a,"$1,650",10/15/2023
Bradshaw Funeral Home,Batesville,www.bradshawfuneral.com,Wood,Bailey,n/a,Linwood,Hardwood,n/a,"$3,705",10/25/2021
Bradshaw Funeral Home,Batesville,www.bradshawfuneral.com,Wood,Branson,n/a,Duck Cloth,Hardwood,n/a,"$4,110",10/25/2021
Bradshaw Funeral Home,Batesville,www.bradshawfuneral.com,Wood,Clifton,n/a,Crepe,Hardwood,n/a,"$3,240",10/25/2021
Bradshaw Funeral Home,Batesville,www.bradshawfuneral.com,Wood,Dryden,n/a,Crepe,Hardwood,n/a,"$3,100",10/25/2021
Bradshaw Funeral Home,Batesville,www.bradshawfuneral.com,Wood,Edgemont,n/a,Crepe,Hardwood,n/a,"$4,020",10/25/2021
Bradshaw Funeral Home,Batesville,www.bradshawfuneral.com,Wood,Fireside,n/a,Duck Cloth,Hardwood,n/a,"$4,175",10/25/2021
Bradshaw Funeral Home,Batesville,www.bradshawfuneral.com,Wood,Landon,n/a,Velvet,Hardwood,n/a,"$4,575",10/25/2021
Bradshaw Funeral Home,Batesville,www.bradshawfuneral.com,Wood,Montgomery,n/a,Crepe,Hardwood,n/a,"$3,430",10/25/2021
Bradshaw Funeral Home,Batesville,www.bradshawfuneral.com,Wood,Riley,n/a,Linwood,Hardwood,n/a,"$3,705",10/25/2021
Bradshaw Funeral Home,Batesville,www.bradshawfuneral.com,Wood,Rosette,n/a,Crepe,Hardwood,n/a,"$4,255",10/25/2021
Bradshaw Funeral Home,Batesville,www.bradshawfuneral.com,Wood,Bailey,n/a,Crepe,Hardwood Veneer,n/a,"$3,995",10/15/2023
Bradshaw Funeral Home,Batesville,www.bradshawfuneral.com,Wood,Bailey,n/a,Linwood,Hardwood Veneer,n/a,"$3,995",10/15/2023
Bradshaw Funeral Home,Batesville,www.bradshawfuneral.com,Wood,Fireside,n/a,Duck Cloth,Hardwood Veneer,n/a,"$4,650",10/15/2023
Bradshaw Funeral Home,Batesville,www.bradshawfuneral.com,Wood,Montgomery,n/a,Crepe,Hardwood Veneer,n/a,"$3,750",10/15/2023
Bradshaw Funeral Home,Batesville,www.bradshawfuneral.com,Wood,Montgomery,n/a,Crepe,Hardwood Veneer,n/a,"$3,750",10/15/2023
Bradshaw Funeral Home,Batesville,www.bradshawfuneral.com,Wood,Parkside,n/a,Crepe,Hardwood Veneer,n/a,"$3,695",10/15/2023
Bradshaw Funeral Home,Batesville,www.bradshawfuneral.com,Wood,Parkside,n/a,Crepe,Hardwood Veneer,n/a,"$3,695",10/15/2023
Ponders,Batesville,https://www.pondersfuneralhome.com/fh_live/15500/15565/media/2022-Batesville-Wood-Caskets.pdf,Wood,Paragon Mahogany,Champagne,Velvet,Mahogany,148252,"$11,995",2/1/2022
McComas,Matthews,"McComas Family Funeral Homes | Abingdon, MD",Wood,PARLIAMENT,Sand,Velvet,Mahogany,71006583,"$13,710",1/7/2024
DC Torchinsky,Thacker Caskets,Caskets | Torchinsky Hebrew Funeral Home,Wood,Abraham,n/a,Velvet,Mahogany,475,"$8,095",6/1/2022
Bradshaw Funeral Home,Batesville,www.bradshawfuneral.com,Wood,Madison,n/a,Velvet,Maple,n/a,"$5,850",10/15/2023
Bradshaw Funeral Home,Batesville,www.bradshawfuneral.com,Wood,Madison Maple,n/a,Velvet,Maple,n/a,"$5,295",10/25/2021
Bradshaw Funeral Home,Batesville,www.bradshawfuneral.com,Wood,Prominence,n/a,Velvet,Maple,n/a,"$6,995",10/15/2023
Bradshaw Funeral Home,Batesville,www.bradshawfuneral.com,Wood,Provincial,n/a,Velvet,Maple,n/a,"$6,070",10/25/2021
DC Torchinsky,Thacker Caskets,Caskets | Torchinsky Hebrew Funeral Home,Wood,Jacob,n/a,Crepe,Maple,458,"$5,095",6/1/2022
Ponders,Batesville,https://www.pondersfuneralhome.com/fh_live/15500/15565/media/2022-Batesville-Wood-Caskets.pdf,Wood,Prominence,Champagne,Velvet,Maple,WS 244309,"$6,495",2/1/2022
Ponders,Batesville,https://www.pondersfuneralhome.com/fh_live/15500/15565/media/2022-Batesville-Wood-Caskets.pdf,Wood,Sacrament Maple,Champagne,Velvet,Maple veneer,205164,"$5,995",2/1/2022
Bradshaw Funeral Home,Batesville,www.bradshawfuneral.com,Wood,Woodhaven,n/a,Velvet,Maple Veneer,n/a,"$4,995",10/15/2023
Ponders,Batesville,https://www.pondersfuneralhome.com/fh_live/15500/15565/media/2022-Batesville-Wood-Caskets.pdf,Wood,Autumn Oak,Rosetan,Crepe,Oak,146884,"$4,995",2/1/2022
Ponders,Batesville,https://www.pondersfuneralhome.com/fh_live/15500/15565/media/2022-Batesville-Wood-Caskets.pdf,Wood,Barkley Oak,Champagne,Velvet,Oak,146876,"$5,995",2/1/2022
Bradshaw Funeral Home,Batesville,www.bradshawfuneral.com,Wood,Branson,n/a,Woven,Oak,n/a,"$4,495",10/15/2023
Bradshaw Funeral Home,Batesville,www.bradshawfuneral.com,Wood,Courtland,n/a,Velvet,Oak,n/a,"$4,405",10/25/2021
Bradshaw Funeral Home,Batesville,www.bradshawfuneral.com,Wood,Fireside,n/a,Linwood,Oak,n/a,"$4,650",10/15/2023
Bradshaw Funeral Home,Batesville,www.bradshawfuneral.com,Wood,Trinity,n/a,Crepe,Oak,n/a,"$5,065",10/25/2021
DC Torchinsky,Thacker Caskets,Caskets | Torchinsky Hebrew Funeral Home,Wood,Noah,n/a,Crepe,Oak,43,"$4,095",6/1/2022
DC Torchinsky,Thacker Caskets,Caskets | Torchinsky Hebrew Funeral Home,Wood,Radam,n/a,Crepe,Oak,452,"$3,995",6/1/2022
Bradshaw Funeral Home,Batesville,www.bradshawfuneral.com,Wood,Rosette,n/a,Eyelet,Oak Veneer,n/a,"$4,675",10/15/2023
Ponders,Batesville,https://www.pondersfuneralhome.com/fh_live/15500/15565/media/2022-Batesville-Wood-Caskets.pdf,Wood,Woodbridge Pecan,Champagne,Velvet,Pecan,146799,"$4,995",2/1/2022
Bradshaw Funeral Home,Batesville,www.bradshawfuneral.com,Wood,Woodhaven,n/a,Velvet,Pecan,n/a,"$4,605",10/25/2021
Bradshaw Funeral Home,Batesville,www.bradshawfuneral.com,Wood,Courtland,n/a,Crepe,Pecan Veneer,n/a,"$4,795",10/15/2023
Bradshaw Funeral Home,Batesville,www.bradshawfuneral.com,Wood,Woodhaven,n/a,Velvet,Pecan Veneer,n/a,"$4,995",10/15/2023
Ponders,Batesville,https://www.pondersfuneralhome.com/fh_live/15500/15565/media/2022-Batesville-Wood-Caskets.pdf,Wood,Woodhaven Pecan,Champagne,Velvet,Pecan Veneer,205162,"$4,895",2/1/2022
McComas,Matthews,"McComas Family Funeral Homes | Abingdon, MD",Wood,BAINBRIDGE,Ivory,Velvet,Pecan Veneer,71007522,"$5,085",1/7/2024
Bradshaw Funeral Home,Batesville,www.bradshawfuneral.com,Wood,Finley,n/a,Crepe,Pine,n/a,"$3,920",10/25/2021
Bradshaw Funeral Home,Batesville,www.bradshawfuneral.com,Wood,Finley,n/a,Crepe,Pine,n/a,"$4,295",10/15/2023
McComas,Matthews,"McComas Family Funeral Homes | Abingdon, MD",Wood,COUNTRY PINE,Champagne,Weave,Pine,71006830,"$4,775",1/7/2024
McComas,Matthews,"McComas Family Funeral Homes | Abingdon, MD",Wood,PIETA,Rosetan,Crepe,Poplar,71006846,"$5,470",1/7/2024
DC Torchinsky,Thacker Caskets,Caskets | Torchinsky Hebrew Funeral Home,Wood,Gideon,n/a,Crepe,Poplar,420,"$3,050",6/1/2022
DC Torchinsky,Thacker Caskets,Caskets | Torchinsky Hebrew Funeral Home,Wood,Joseph,n/a,Crepe,Poplar,Tacoma-1,"$3,850",6/1/2022
DC Torchinsky,Thacker Caskets,Caskets | Torchinsky Hebrew Funeral Home,Wood,Obadiah,n/a,Crepe,Poplar,335,"$3,595",6/1/2022
DC Torchinsky,Thacker Caskets,Caskets | Torchinsky Hebrew Funeral Home,Wood,Samuel,n/a,Crepe,Poplar,413,"$3,195",6/1/2022
McComas,Matthews,"McComas Family Funeral Homes | Abingdon, MD",Wood,ABNER,Rosetan,Crepe,Poplar Veneer,71006942,"$3,535",1/7/2024
McComas,Matthews,"McComas Family Funeral Homes | Abingdon, MD",Wood,SANDHURST II,Rosetan,Crepe,Poplar Veneer,71006671,"$2,855",1/7/2024
Ponders,Batesville,https://www.pondersfuneralhome.com/fh_live/15500/15565/media/2022-Batesville-Wood-Caskets.pdf,Wood,Clifton,Rosetan,Crepe,Select Hardwood,263630,"$2,995",2/1/2022
Bradshaw Funeral Home,Batesville,www.bradshawfuneral.com,Wood,Clifton,n/a,Crepe,Select Hardwood,n/a,"$3,525",10/15/2023
Bradshaw Funeral Home,Batesville,www.bradshawfuneral.com,Wood,Clifton,n/a,Crepe,Select Hardwood,n/a,"$3,525",10/15/2023
Ponders,Batesville,https://www.pondersfuneralhome.com/fh_live/15500/15565/media/2022-Batesville-Wood-Caskets.pdf,Wood,Clifton 27,Rosetan,Crepe,Select Hardwood,278476,"$3,495",2/1/2022
Bradshaw Funeral Home,Batesville,www.bradshawfuneral.com,Wood,Edgemont,n/a,Crepe,Select Hardwood,n/a,"$4,395",10/15/2023
Ponders,Batesville,https://www.pondersfuneralhome.com/fh_live/15500/15565/media/2022-Batesville-Wood-Caskets.pdf,Wood,Hartwick,Champagne,Velvet,Select Hardwood,255186,"$4,595",2/1/2022
Ponders,Batesville,https://www.pondersfuneralhome.com/fh_live/15500/15565/media/2022-Batesville-Wood-Caskets.pdf,Wood,Montgomery Select,Rosetan,Crepe,Select Hardwood,249223,"$3,495",2/1/2022
Ponders,Batesville,https://www.pondersfuneralhome.com/fh_live/15500/15565/media/2022-Batesville-Wood-Caskets.pdf,Wood,Bailey,Khaki,Linwood,Select hardwood veneer,263781,"$3,995",2/1/2022
Ponders,Batesville,https://www.pondersfuneralhome.com/fh_live/15500/15565/media/2022-Batesville-Wood-Caskets.pdf,Wood,Branson,Saffron,Woven,Select hardwood veneer,246736,"$4,495",2/1/2022
Ponders,Batesville,https://www.pondersfuneralhome.com/fh_live/15500/15565/media/2022-Batesville-Wood-Caskets.pdf,Wood,Dryden Brown,Rosetan,Crepe,Select hardwood veneer,278271,"$2,495",2/1/2022
Ponders,Batesville,https://www.pondersfuneralhome.com/fh_live/15500/15565/media/2022-Batesville-Wood-Caskets.pdf,Wood,Riley,Ivory,Linwood,Select hardwood veneer,263783,"$3,995",2/1/2022
Ponders,Batesville,https://www.pondersfuneralhome.com/fh_live/15500/15565/media/2022-Batesville-Wood-Caskets.pdf,Wood,Rosette,Natural,Eyelet,Select hardwood veneer,242707,"$4,495",2/1/2022
Ponders,Batesville,https://www.pondersfuneralhome.com/fh_live/15500/15565/media/2022-Batesville-Wood-Caskets.pdf,Wood,Trenton,Rosetan,Crepe,Select hardwood veneer,205161,"$4,595",2/1/2022
Ponders,Batesville,https://www.pondersfuneralhome.com/fh_live/15500/15565/media/2022-Batesville-Wood-Caskets.pdf,Wood,Dryden,Rosetan,Crepe,Select Veneer,274158,"$2,495",2/1/2022
Ponders,Batesville,https://www.pondersfuneralhome.com/fh_live/15500/15565/media/2022-Batesville-Wood-Caskets.pdf,Wood,Fireside,Oatmeal,Cloth,Solid Oak,269166,"$4,995",2/1/2022
DC Torchinsky,Thacker Caskets,Caskets | Torchinsky Hebrew Funeral Home,Wood,Brown,n/a,Crepe,Stained Pine,M2PAP,"$3,350",6/1/2022
Bradshaw Funeral Home,Batesville,www.bradshawfuneral.com,Metal,Golden Rose,Golden Rose,Velvet,Stainless Steel,UG2,"$6,195",10/15/2023
Bradshaw Funeral Home,Batesville,www.bradshawfuneral.com,Metal,OR6,Renaissance Rose,Velvet,Stainless Steel,n/a,"$6,740",10/25/2021
Bradshaw Funeral Home,Batesville,www.bradshawfuneral.com,Metal,OR7,Greyson,Velvet,Stainless Steel,n/a,"$6,740",10/25/2021
Bradshaw Funeral Home,Batesville,www.bradshawfuneral.com,Metal,Silver Sapphire,Silver Sapphire,Velvet,Stainless Steel,UG1,"$6,195",10/15/2023
Bradshaw Funeral Home,Batesville,www.bradshawfuneral.com,Metal,U46,Tapestry Rose,Velvet,Stainless Steel,n/a,"$5,295",10/25/2021
Ponders,Batesville,https://www.pondersfuneralhome.com/fh_live/15500/15565/media/2022-Batesville-Metal-Caskets.pdf,Metal,U46 Primrose,Moss Pink,Velvet,Stainless Steel,184265,"$4,995",2/1/2022
Ponders,Batesville,https://www.pondersfuneralhome.com/fh_live/15500/15565/media/2022-Batesville-Metal-Caskets.pdf,Metal,U46 Tapestry Rose,Moss Pink,Velvet,Stainless Steel,147901,"$4,995",2/1/2022
Bradshaw Funeral Home,Batesville,www.bradshawfuneral.com,Metal,UG1,Silver Sapphire,Velvet,Stainless Steel,n/a,"$5,485",10/25/2021
Bradshaw Funeral Home,Batesville,www.bradshawfuneral.com,Metal,UG1,Golden Sand,Velvet,Stainless Steel,n/a,"$5,485",10/25/2021
Ponders,Batesville,https://www.pondersfuneralhome.com/fh_live/15500/15565/media/2022-Batesville-Metal-Caskets.pdf,Metal,UG1 Golden Sand,Champagne,Velvet,Stainless Steel,185493,"$4,995",2/1/2022
Ponders,Batesville,https://www.pondersfuneralhome.com/fh_live/15500/15565/media/2022-Batesville-Metal-Caskets.pdf,Metal,UG1 Silver Sapphire,Silver,Velvet,Stainless Steel,185491,"$4,995",2/1/2022
Ponders,Batesville,https://www.pondersfuneralhome.com/fh_live/15500/15565/media/2022-Batesville-Metal-Caskets.pdf,Metal,UG2 Golden Rose,Moss Pink,Velvet,Stainless Steel,202001,"$4,995",2/1/2022
Bradshaw Funeral Home,Batesville,www.bradshawfuneral.com,Metal,UG2 Golden Rose,Golden Rose,Velvet,Stainless Steel,n/a,"$5,485",10/25/2021
Ponders,Batesville,https://www.pondersfuneralhome.com/fh_live/15500/15565/media/2022-Batesville-Metal-Caskets.pdf,Metal,UL1 Golden Platinum,Eggshel,Velvet,Stainless Steel,242994,"$4,795",2/1/2022
McComas,Matthews,"McComas Family Funeral Homes | Abingdon, MD",Metal,AUTUMN HARVEST,Arbutus,Velvet,Stainless Steel,71007091,"$6,515",1/7/2024
McComas,Matthews,"McComas Family Funeral Homes | Abingdon, MD",Metal,LAKESHORE,Blue,Velvet,Stainless Steel,71007095,"$6,515",1/7/2024
McComas,Matthews,"McComas Family Funeral Homes | Abingdon, MD",Metal,MANSFIELD,Blue,Velvet,Stainless Steel,71006048,"$5,950",1/7/2024
McComas,Matthews,"McComas Family Funeral Homes | Abingdon, MD",Wood,MANSFIELD,White,Velvet,Stainless Steel,71006143,"$5,950",1/7/2024
McComas,Matthews,"McComas Family Funeral Homes | Abingdon, MD",Wood,MANSFIELD,White,Velvet,Stainless Steel,71007320,"$5,950",1/7/2024
McComas,Matthews,"McComas Family Funeral Homes | Abingdon, MD",Wood,MANSFIELD,Silver,Velvet,Stainless Steel,71006049,"$5,950",1/7/2024
McComas,Matthews,"McComas Family Funeral Homes | Abingdon, MD",Wood,MANSFIELD,Pink,Velvet,Stainless Steel,71006050,"$5,950",1/7/2024
McComas,Matthews,"McComas Family Funeral Homes | Abingdon, MD",Wood,MANSFIELD,Pink,Velvet,Stainless Steel,71006068,"$5,950",1/7/2024
Bradshaw Funeral Home,Batesville,www.bradshawfuneral.com,Wood,Prominence,n/a,Velvet,Sycamore,n/a,"$5,905",10/25/2021
DC Torchinsky,Thacker Caskets,Caskets | Torchinsky Hebrew Funeral Home,Wood,Aaron,n/a,Crepe,Unfinished Oak,460,"$3,495",6/1/2022
DC Torchinsky,Thacker Caskets,Caskets | Torchinsky Hebrew Funeral Home,Wood,Asher,n/a,Crepe,Unfinished Oak,444,"$3,795",6/1/2022
DC Torchinsky,Thacker Caskets,Caskets | Torchinsky Hebrew Funeral Home,Wood,26” Plain Oversize,n/a,None,Unfinished Pine,341,"$1,950",6/1/2022
DC Torchinsky,Thacker Caskets,Caskets | Torchinsky Hebrew Funeral Home,Wood,31” Plain Oversize,n/a,None,Unfinished Pine,341,"$2,100",6/1/2022
DC Torchinsky,Thacker Caskets,Caskets | Torchinsky Hebrew Funeral Home,Wood,Calvary Plain,n/a,None,Unfinished Pine,999,"$1,325",6/1/2022
DC Torchinsky,Thacker Caskets,Caskets | Torchinsky Hebrew Funeral Home,Wood,Plain,n/a,Crepe,Unfinished Pine,M2PAP,"$3,250",6/1/2022
DC Torchinsky,Thacker Caskets,Caskets | Torchinsky Hebrew Funeral Home,Wood,Shaped Plain,n/a,None,Unfinished Pine,324,"$1,500",6/1/2022
DC Torchinsky,Thacker Caskets,Caskets | Torchinsky Hebrew Funeral Home,Wood,Traditional Plain,n/a,None,Unfinished Pine,441,"$1,225",6/1/2022
DC Torchinsky,Thacker Caskets,Caskets | Torchinsky Hebrew Funeral Home,Wood,Clear,n/a,Crepe,Unfinished Poplar,417,"$2,795",6/1/2022
DC Torchinsky,Thacker Caskets,Caskets | Torchinsky Hebrew Funeral Home,Wood,Dan,n/a,Crepe,Unfinished Poplar,411,"$2,495",6/1/2022
Ponders,Batesville,https://www.pondersfuneralhome.com/fh_live/15500/15565/media/2022-Batesville-Wood-Caskets.pdf,Wood,Lyra Brown,Rosetan,Crepe,Veneer,269152,"$1,995",2/1/2022
Ponders,Batesville,https://www.pondersfuneralhome.com/fh_live/15500/15565/media/2022-Batesville-Wood-Caskets.pdf,Wood,Lyra Natural,Rosetan,Crepe,Veneer,269150,"$1,995",2/1/2022
Nashville Funeral and Cremation,Nashville,www.nashvillefuneralandcremation.com,Wood,Libra,n/a,Crepe,Veneer,n/a,"$2,682",10/19/2022
Nashville Funeral and Cremation,Nashville,www.nashvillefuneralandcremation.com,Wood,Lynx,n/a,Crepe,Veneer,n/a,"$2,263",10/19/2022
Nashville Funeral and Cremation,Nashville,www.nashvillefuneralandcremation.com,Wood,Lyra,n/a,Crepe,Veneer,n/a,"$1,754",10/19/2022
Bradshaw Funeral Home,Batesville,www.bradshawfuneral.com,Wood,Chancellor,n/a,Velvet,Walnut,n/a,"$9,520",10/25/2021
